{"Energy": {"MMFF_ligand": 308.30664224985617, "holo_ref2015": -578.4001764085099, "ligand_ref2015": {"fa_atr": -15.499368893915872, "fa_rep": 3.2334622026912605, "fa_sol": 5.699332944376568, "fa_intra_rep": 16.43993717629321, "fa_intra_sol_xover4": 0.7921161058621872, "lk_ball_wtd": -0.9551544046122825, "fa_elec": -0.9380270198278786, "pro_close": 0.0, "hbond_sr_bb": 0.0, "hbond_lr_bb": 0.0, "hbond_bb_sc": -0.4858228744143308, "hbond_sc": 0.0, "dslf_fa13": 0.0, "omega": 0.0, "fa_dun": 0.0, "p_aa_pp": 0.0, "yhh_planarity": 0.0, "ref": 0.0, "rama_prepro": 0.0, "total_score": -9.526320245169947}, "xyz_unbound": -577.4285306596812, "xyz_bound": -578.4001764085099, "xyz_\u2206\u2206G": -0.9716457488286778, "unbound_ref2015": {"fa_atr": 0.0, "fa_rep": 0.0, "fa_sol": 0.0, "fa_intra_rep": 11.439603218975353, "fa_intra_sol_xover4": 1.0084805555842224, "lk_ball_wtd": 0.0, "fa_elec": 0.0, "pro_close": 0.0, "hbond_sr_bb": 0.0, "hbond_lr_bb": 0.0, "hbond_bb_sc": 0.0, "hbond_sc": 0.0, "dslf_fa13": 0.0, "omega": 0.0, "fa_dun": 0.0, "p_aa_pp": 0.0, "yhh_planarity": 0.0, "ref": 0.0, "rama_prepro": 0.0, "total_score": 1.0656785716790993}}, "mRMSD": 0.6607401508496568, "RMSDs": [0.6477960051210923, 0.6741748850851911]}