{"Energy": {"MMFF_ligand": 344.72537541287716, "holo_ref2015": -577.4017246299534, "ligand_ref2015": {"fa_atr": -15.828655086240726, "fa_rep": 4.670634477109077, "fa_sol": 5.867805913195808, "fa_intra_rep": 21.934563766709992, "fa_intra_sol_xover4": 0.8301038168012453, "lk_ball_wtd": -0.9899251024448347, "fa_elec": -0.8474813225292679, "pro_close": 0.0, "hbond_sr_bb": 0.0, "hbond_lr_bb": 0.0, "hbond_bb_sc": -0.5031058442093016, "hbond_sc": 0.0, "dslf_fa13": 0.0, "omega": 0.0, "fa_dun": 0.0, "p_aa_pp": 0.0, "yhh_planarity": 0.0, "ref": 0.0, "rama_prepro": 0.0, "total_score": -8.792735844183534}, "xyz_unbound": -576.3955129415348, "xyz_bound": -577.4017246299534, "xyz_\u2206\u2206G": -1.0062116884186025, "unbound_ref2015": {"fa_atr": 0.0, "fa_rep": 0.0, "fa_sol": 0.0, "fa_intra_rep": 11.755291386773777, "fa_intra_sol_xover4": 0.30766823080234346, "lk_ball_wtd": 0.0, "fa_elec": 0.0, "pro_close": 0.0, "hbond_sr_bb": 0.0, "hbond_lr_bb": 0.0, "hbond_bb_sc": 0.0, "hbond_sc": 0.0, "dslf_fa13": 0.0, "omega": 0.0, "fa_dun": 0.0, "p_aa_pp": 0.0, "yhh_planarity": 0.0, "ref": 0.0, "rama_prepro": 0.0, "total_score": 0.36644468773621236}}, "mRMSD": 0.8751124578751543, "RMSDs": [0.6425215637402626, 1.0675081542547937]}